{
	"description": "项目配置文件。",
	"setting": {
		"urlCheck": true,
		"es6": true,
		"postcss": true,
		"minified": true
	},
	"compileType": "weapp",
	"libVersion": "1.5.3",
	"appid": "wx4f3931702e48934a",
	"projectname": "%E5%A9%89%E8%BE%9E-%E6%9B%BE",
	"condition": {
		"weapp": {
			"current": -1,
			"list": [
				{
					"id": 0,
					"name": "二维码进入",
					"pathName": "pages/index/index",
					"query": "&from_id=2",
					"scene": "1012"
				},
				{
					"id": 1,
					"name": "扫描二维码",
					"pathName": "pages/index/index",
					"query": "",
					"scene": "1011"
				}
			]
		},
		"search": {
			"current": -1,
			"list": []
		},
		"conversation": {
			"current": -1,
			"list": []
		}
	}
}